{
    "kind": "youtube#videoListResponse",
    "etag": "\"ld9biNPKjAjgjV7EZ4EKeEGrhao/JIwojTYGRW-iB9eFQjYOoxfygiM\"",
    "nextPageToken": "CAUQAA",
    "pageInfo": {
        "totalResults": 200,
        "resultsPerPage": 5
    },
    "items": [
        {
            "kind": "youtube#video",
            "etag": "\"ld9biNPKjAjgjV7EZ4EKeEGrhao/UU2MX4Gbeybci3VccX0386YTpXI\"",
            "id": "_EvMYEfF_hQ",
            "snippet": {
			    "timeAgo": "2 hours ago",
				"channelProfile": "https://scontent-kut2-1.xx.fbcdn.net/v/t1.0-1/c0.0.531.531/13055498_10153739046129247_6589002537504232803_n.png?_nc_cat=1&_nc_ht=scontent-kut2-1.xx&oh=eb45fe325db5b117fc80dbc4c2318e4e&oe=5C785365",
                "publishedAt": "2017-11-21T17:00:22.000Z",
                "channelId": "UCftwRNsjfRo08xYE31tkiyw",
                "title": "The Best Days And Good Times That We Had, for S2AP4 batch 2015/16",
                "description": "A Zinger or a waffle? Call it what you may, but when it’s this awesome, it doesn’t need a label. Get this sweet, sweet, savoury, juicy stack of nom nomz at a KFC outlet near you. #KFCNoLabels",
                "thumbnails": {
                    "default": {
                        "url": "https://i.ytimg.com/vi/_EvMYEfF_hQ/default.jpg",
                        "width": 120,
                        "height": 90
                    },
                    "medium": {
                        "url": "https://scontent-kut2-1.xx.fbcdn.net/v/t1.0-9/42887266_10156014760924247_78625745789779968_n.jpg?_nc_cat=106&_nc_ht=scontent-kut2-1.xx&oh=505c551d1bd8f126488bf2b6778d76f6&oe=5C428454",
                        "width": 320,
                        "height": 180
                    },
                    "high": {
                        "url": "https://i.ytimg.com/vi/_EvMYEfF_hQ/hqdefault.jpg",
                        "width": 480,
                        "height": 360
                    },
                    "standard": {
                        "url": "https://i.ytimg.com/vi/_EvMYEfF_hQ/sddefault.jpg",
                        "width": 640,
                        "height": 480
                    }
                },
                "channelTitle": "KFC",
                "tags": [
                    "autocomplete",
                    "autocomplete interview",
                    "autocorrect",
                    "google autocomplete",
                    "joe keery",
                    "joe keery interview",
                    "joe keery stranger things",
                    "stranger things",
                    "stranger things 2",
                    "stranger things cast",
                    "wired autocomplete",
                    "gaten matarazzo interview",
                    "stranger things season 2",
                    "gaten matarazzo",
                    "gaten",
                    "webs most searched",
                    "google interview",
                    "stranger things cast interview",
                    "joe keery stranger things 2",
                    "joe keery hair",
                    "stranger things stars",
                    "wired",
                    "wired.com"
                ],
                "categoryId": "24",
                "liveBroadcastContent": "none",
                "localized": {
                    "title": "Stranger Things Cast Answer the Web's Most Searched Questions | WIRED",
                    "description": "Stranger Things stars Gaten Matarazzo and Joe Keery take the WIRED Autocomplete Interview and answer the Internet's most searched questions about Stranger Things and themselves. Joe and Gaten answer hard-hitting questions like, \"Is Gaten Matarazzo now?\" and \"Is Joe Keery legit?\"  \n\nStill haven’t subscribed to WIRED on YouTube? ►► http://wrd.cm/15fP7B7 \r\n\r\nCONNECT WITH WIRED\r\nWeb: http://wired.com \r\nTwitter: https://twitter.com/WIRED   \r\nFacebook: https://facebook.com/WIRED\r\nPinterest: https://pinterest.com/wired\r\nGoogle+: https://plus.google.com/+WIRED  \r\nInstagram: http://instagram.com/WIRED \r\nTumblr: http://WIRED.tumblr.com \r\n\r\nWant even more? Subscribe to The Scene: http://bit.ly/subthescene \r\n\r\nABOUT WIRED\r\nWIRED is where tomorrow is realized. Through thought-provoking stories and videos, WIRED explores the future of business, innovation, and culture.\n\nStranger Things Cast Answer the Web's Most Searched Questions | WIRED"
                },
                "defaultAudioLanguage": "en-US"
            },
            "statistics": {
                "viewCount": "13210200",
                "likeCount": "326010",
                "dislikeCount": "5399",
                "favoriteCount": "0",
                "commentCount": "21100"
            }
        },
        {
            "kind": "youtube#video",
            "etag": "\"ld9biNPKjAjgjV7EZ4EKeEGrhao/okUYi-H8TDiSUAKwfAcxSCp7KiQ\"",
            "id": "OHOkdEBpwDc",
            "snippet": {
				"timeAgo": "1 day ago",
                "publishedAt": "2017-11-21T22:17:28.000Z",
				"channelProfile": "https://scontent-kut2-1.xx.fbcdn.net/v/t1.0-1/23888_10151342630547387_1890378799_n.png?_nc_cat=1&_nc_ht=scontent-kut2-1.xx&oh=d8b485a03f6a1c81c86d03b47c517bfa&oe=5C3D867F",
                "channelId": "UClFSU9_bUb4Rc6OYfTt5SPw",
                "title": "Shawn Mendes - There's Nothing Holdin' Me Back",
				"description":"Let's fly to #Taipei more from RM211 cos we're celebrating 11 years of flying long haul! Book your flights now at www.airasia.com",
                "thumbnails": {
                    "default": {
                        "url": "https://i.ytimg.com/vi/OHOkdEBpwDc/default.jpg",
                        "width": 120,
                        "height": 90
                    },
                    "medium": {
                        "url": "https://scontent-kut2-1.xx.fbcdn.net/v/t1.0-9/44976722_10156757760907387_7199494206149099520_n.jpg?_nc_cat=1&_nc_ht=scontent-kut2-1.xx&oh=aab070bbbcaf43d15d988c0c714f8b77&oe=5C4B3C33",
                        "width": 320,
                        "height": 180
                    },
                    "high": {
                        "url": "https://i.ytimg.com/vi/OHOkdEBpwDc/hqdefault.jpg",
                        "width": 480,
                        "height": 360
                    },
                    "standard": {
                        "url": "https://i.ytimg.com/vi/OHOkdEBpwDc/sddefault.jpg",
                        "width": 640,
                        "height": 480
                    },
                    "maxres": {
                        "url": "https://i.ytimg.com/vi/OHOkdEBpwDc/maxresdefault.jpg",
                        "width": 1280,
                        "height": 720
                    }
                },
                "channelTitle": "AirAsia",
                "tags": [
                    "Jim Carrey",
                    "Andy Kaufman",
                    "Honest Trailers",
                    "Stranger Things",
                    "FCC",
                    "Pai",
                    "Net Neutrality",
                    "Ajit Pai",
                    "Comcast",
                    "AT&T",
                    "FTC",
                    "Federal Communications Commission",
                    "Federal Trade Commission",
                    "Charlie Rose",
                    "PBS",
                    "Sexual Harassment",
                    "Sexual Assault",
                    "Allegations",
                    "CBS",
                    "CBS This Morning",
                    "Bloomberg",
                    "Washington Post",
                    "Yvette Vega",
                    "sxephil",
                    "the philip defranco show",
                    "philip defranco show",
                    "philip defranco",
                    "DeFranco",
                    "current events",
                    "daily",
                    "news",
                    "us news"
                ],
                "categoryId": "24",
                "liveBroadcastContent": "none",
                "localized": {
                    "title": "The Internet Is UNDER ATTACK, Net Neutrality is Dying, and What You Can Do...",
                    "description": "Shoutout to dbrand! Get The Grip for 50% Off!: http://www.DeFrancoGrip.com\nTaking Our A's and Putting Them In Your Q's…: https://youtu.be/CZgHbTfALLo\nCheckout The DeFrancoFam!: https://youtu.be/A1gx0-pGc_k\nAudio Only Versions of the PDS:\n-iTunes: http://PDSPodcast.com\n-Soundcloud: https://soundcloud.com/thephilipdefrancoshow\n————————————\nWhy Feminists Are Disowning Lena Dunham Now and The Roy Moore Tax Reform \"Problem\": https://youtu.be/BrsoYVSgYQs\nWhy We Need To Talk About The Insane YouTube Kids Problem… #Elsagate: https://youtu.be/X_K-shDq-kM\n————————————\nTODAY IN AWESOME: \nJim & Andy: The Great Beyond: https://www.youtube.com/watch?v=6kkFV0tgZxQ\nEmoji Movie Honest Trailer: https://www.youtube.com/watch?v=CzmIrPvIzxk\nStranger Things Cast Answer Web’s Most Searched Questions: https://youtu.be/_EvMYEfF_hQ\nJapanese Game Show Slippery Stairs: http://digg.com/2017/slippery-stairs-japanese-game-show\nSecret Link: https://youtu.be/1GIf1fBe4ow\n\nSTORIES:\nNet Neutrality: \nContact your representative! : https://www.battleforthenet.com/ or  https://www.callmycongress.com/\nhttps://apps.fcc.gov/edocs_public/attachmatch/DOC-347868A1.pdf\nhttps://www.politico.com/story/2017/11/20/net-neutrality-repeal-fcc-251824\nhttps://www.washingtonpost.com/news/the-switch/wp/2017/11/21/the-fcc-has-unveiled-its-plan-to-rollback-its-net-neutrality-rules/?utm_term=.40bc6541969e\nhttps://arstechnica.com/tech-policy/2017/11/rip-net-neutrality-fcc-chair-releases-plan-to-deregulate-isps/\n\nCharlie Rose Allegations: \nhttps://www.washingtonpost.com/investigations/eight-women-say-charlie-rose-sexually-harassed-them--with-nudity-groping-and-lewd-calls/2017/11/20/9b168de8-caec-11e7-8321-481fd63f174d_story.html?utm_term=.a633336175be\nhttps://www.nytimes.com/2017/11/20/us/charlie-rose-women.html\nhttps://www.cbsnews.com/news/charlie-rose-suspended-sexual-misconduct-allegations/\nhttp://www.foxnews.com/entertainment/2017/11/21/cbs-news-fires-charlie-rose-following-sexual-misconduct-allegations.html\nhttp://www.businessinsider.com/charlie-rose-accused-of-improper-behavior-by-former-interns-2017-11  \n————————————\nJOIN THE ADVENTURE: http://DeFrancoElite.com\nOH DAMN, WHERE DID YOU GET THAT DOPE SHIRT?!: http://ShopDeFranco.com\n————————————\nFACEBOOK: http://on.fb.me/mqpRW7\nTWITTER: http://Twitter.com/PhillyD\nINSTAGRAM: https://instagram.com/phillydefranco/\nSNAPCHAT: TheDeFrancoFam\nREDDIT: https://www.reddit.com/r/DeFranco\nSOUNDCLOUD: https://soundcloud.com/thephilipdefrancoshow\n————————————\nEdited by:\nJames Girardier - https://twitter.com/jamesgirardier\n\nProduced by:\nAmanda Morones - https://twitter.com/MandaOhDang\n\nMotion Graphics Artist:\nBrian Borst - https://twitter.com/brianjborst\n\nP.O. BOX\nAttn: Philip DeFranco\n16350 Ventura Blvd\nSte D #542\nEncino, CA 91436"
                },
                "defaultAudioLanguage": "en"
            },
            "statistics": {
                "viewCount": "588301362",
                "likeCount": "69961",
                "dislikeCount": "1473",
                "favoriteCount": "0",
                "commentCount": "13283"
            }
        },
        {
            "kind": "youtube#video",
            "etag": "\"ld9biNPKjAjgjV7EZ4EKeEGrhao/H0GDitnJcn2q2qv9nq1K3NI0flM\"",
            "id": "EBt_88nxG4c",
            "snippet": {
				"timeAgo": "1 day ago",
                "publishedAt": "2017-11-21T14:00:02.000Z",
                "channelId": "UCXJDX1KK6t121Z9FLhu5o2A",
				"channelProfile": "https://scontent-kut2-1.xx.fbcdn.net/v/t1.0-1/12718348_10156510324190023_968520879411929101_n.png?_nc_cat=1&_nc_ht=scontent-kut2-1.xx&oh=84c3941d83264a12f76cacfa92f29829&oe=5C44A74F",
                "title": "周杰倫 Jay Chou【不愛我就拉倒 If You Don't Love Me, It's Fine】Official MV 發燒影片華語地區蟬聯第一 美國直衝前二",
				"description":"May this day be full of love and laughter, Happy Children’s Day to all kids in Malaysia.",
                "thumbnails": {
                    "default": {
                        "url": "https://i.ytimg.com/vi/EBt_88nxG4c/default.jpg",
                        "width": 120,
                        "height": 90
                    },
                    "medium": {
                        "url": "https://scontent-kut2-1.xx.fbcdn.net/v/t1.0-9/44838546_10160955591220023_7457250088528642048_n.jpg?_nc_cat=104&_nc_ht=scontent-kut2-1.xx&oh=19d4510042fed2185ce6f9487a7890d0&oe=5C7D1A3A",
                        "width": 320,
                        "height": 180
                    },
                    "high": {
                        "url": "https://i.ytimg.com/vi/EBt_88nxG4c/hqdefault.jpg",
                        "width": 480,
                        "height": 360
                    },
                    "standard": {
                        "url": "https://i.ytimg.com/vi/EBt_88nxG4c/sddefault.jpg",
                        "width": 640,
                        "height": 480
                    },
                    "maxres": {
                        "url": "https://i.ytimg.com/vi/EBt_88nxG4c/maxresdefault.jpg",
                        "width": 1280,
                        "height": 720
                    }
                },
                "channelTitle": "McDonald's",
                "tags": [
                    "Beautiful Trauma",
                    "P!nk",
                    "Pop",
                    "RCA Records Label"
                ],
                "categoryId": "10",
                "liveBroadcastContent": "none",
                "localized": {
                    "title": "P!nk - Beautiful Trauma (Official Video)",
                    "description": "P!NK's new album 'Beautiful Trauma' featuring the singles “What About Us” and \"Beautiful Trauma\" is available now!\niTunes - http://smarturl.it/BeautifulTrauma/itunes?IQid=yt \nApple Music - http://smarturl.it/BeautifulTrauma/applemusic?IQid=yt \nSpotify - http://smarturl.it/BeautifulTrauma/spotify?IQid=yt \nAmazon - http://smarturl.it/BeautifulTrauma/amazon?IQid=yt \nGoogle Play - http://smarturl.it/BeautifulTrauma/googleplay?IQid=yt\n \nWatch the Official Video for “What About Us” - http://smarturl.it/WAU?IQid=yt\n \nConnect with P!NK:\nhttp://www.facebook.com/pink\nhttp://www.twitter.com/pink\nhttp://www.instagram.com/pink\nhttp://www.pinkspage.com"
                }
            },
            "statistics": {
                "viewCount": "34716971",
                "likeCount": "233454",
                "dislikeCount": "7708",
                "favoriteCount": "0",
                "commentCount": "16510"
            }
        },
    ]
}